Date:   Tue Nov 11 10:18:41 2025 +0000
Date:   Fri Nov 7 11:48:50 2025 +0000
Date:   Tue Nov 4 12:34:45 2025 +0000
Date:   Tue Nov 4 11:34:31 2025 +0000
Date:   Fri Oct 31 10:07:37 2025 +0000
Date:   Wed Oct 29 13:35:46 2025 +0000
Date:   Fri Oct 24 12:47:43 2025 +0100
Date:   Tue Oct 21 12:08:36 2025 +0100
Date:   Tue Oct 14 12:39:56 2025 +0100
Date:   Tue Oct 14 12:34:42 2025 +0100
Date:   Tue Oct 14 09:56:34 2025 +0100
Date:   Fri Oct 10 12:04:23 2025 +0100
Date:   Tue Oct 7 12:20:08 2025 +0100
Date:   Tue Oct 7 10:33:35 2025 +0100
Date:   Fri Oct 3 11:36:41 2025 +0100
Date:   Fri Oct 3 10:39:00 2025 +0100
Date:   Fri Oct 3 10:27:59 2025 +0100
